Workbook

Sheet Overall
A1: Vehicle Number | B1: Team Name | C1: Score | E1: Design Top 3 CV | F1: Design Top 3 EV | G1: Cost Top 3 CV | H1: CostTop 3 EV | I1: BP CV | J1: BP EV
A2: E88 | B2: Democritus Racing Team | C2: ='E88'!B20 -> 826 | E2: ART | F2: Centaurus | G2: FUC | H2: Perseus | I2: FUC | J2: Democritus
A3: E05 | B3: Poseidon Racing Team | C3: ='E05'!B20 -> 500 | E3: TUC | F3: Aristurtle | G3: ART | H3: Poseidon | I3: ART | J3: Centaurus
A4: E77 | B4: Centaurus Racing Team | C4: ='E77'!B20 -> 391.91 | E4: Kingston | F4: Poseidon | G4: Kingston | H4: Centaurus | I4: Kingston | J4: Perseus
A5: E76 | B5: Perseus Racing Team | C5: ='E76'!B20 -> 341
A6: E11 | B6: Aristotle University Racing Team Electric and Driverless | C6: ='E11'!B20 -> 337.63
A7: E45 | B7: Electric Vehicle Racing Team Tuiasi | C7: ='E45'!B20 -> 95
H8: OVERALL EV | I8: OVERALL CV
A9: Vehicle Number | B9: Team Name | C9: Score | D9: Penalties
A10: C12 | B10: Aristotle Racing Team | C10: ='C12'!B20-D10 -> 509 | D10: 45 | H10: Democritus | I10: ART
A11: C33 | B11: Frederick University Formula Racing Team | C11: ='C33'!B20-D11 -> 285.2 | D11: 20 | H11: Poseidon | I11: Frederick
A12: C20 | B12: Formula Studen Technical University of Crete Team | C12: ='C20'!B20-D12 -> 213 | D12: 40 | H12: Centaurus | I12: TUC
A13: C55 | B13: Kingston Racing Team | C13: ='C55'!B20-D13 -> 203
A14: C09 | B14: Pelops Racing Team | C14: ='C09'!B20-D14 -> 142
A20: Team Nr | B20: Team Name | F20: Design Top 3 CV | G20: Design Top 3 EV | H20: Cost Top 3 CV | I20: CostTop 3 EV | J20: BP CV | K20: BP EV
A21: E88 | B21: Democritus Racing Team | C21: 816 | F21: ART | G21: Centaurus | H21: FUC | I21: Perseus | J21: FUC | K21: Democritus
A22: E11 | B22: Aristotle University Racing Team Electric and Driverless | C22: 332 | F22: TUC | G22: Aristurtle | H22: ART | I22: Poseidon | J22: ART | K22: Centaurus
A23: E05 | B23: Poseidon Racing Team | C23: 498 | F23: Kingston | G23: Poseidon | H23: Kingston | I23: Centaurus | J23: Kingston | K23: Perseus
A24: E76 | B24: Perseus Racing Team | C24: 334
A25: E77 | B25: Centaurus Racing Team | C25: 392
A26: E45 | B26: Electric Vehicle Racing Team Tuiasi | C26: 162
H27: OVERALL EV | I27: OVERALL CV
A28: C33 | B28: Frederick University Formula Racing Team | C28: 315 | H28: Democritus | I28: ART
A29: C12 | B29: Aristotle Racing Team | C29: 554 | H29: Poseidon | I29: Frederick
A30: C09 | B30: Pelops Racing Team | C30: 147 | H30: Centaurus | I30: TUC
A31: C55 | B31: Kingston Racing Team | C31: 206
A32: C20 | B32: Formula Studen Technical University of Crete Team | C32: 258

Sheet Sheet2
B4: Team Nr | C4: Team Name | D4: Column 1 | H4: C33 | I4: Frederick University Formula Racing Team | J4: 315
B5: E88 | C5: Democritus Racing Team | D5: 816 | H5: C12 | I5: Aristotle Racing Team | J5: 554
B6: E05 | C6: Poseidon Racing Team | D6: 498 | H6: C20 | I6: Formula Studen Technical University of Crete Team | J6: 258
B7: E77 | C7: Centaurus Racing Team | D7: 392 | H7: C55 | I7: Kingston Racing Team | J7: 206
B8: E76 | C8: Perseus Racing Team | D8: 334 | H8: C09 | I8: Pelops Racing Team | J8: 147
B9: E11 | C9: Aristotle University Racing Team Electric and Driverless | D9: 332
B10: E45 | C10: Electric Vehicle Racing Team Tuiasi | D10: 162

Sheet E88
A1: Dynamic Events | B1: Points
A2: Skid Pad | B2: 75
A3: Acceleration | B3: 75
A4: Autocross | B4: 0
A5: Endurance | B5: 325
A6: Efficiency | B6: 100
A7: Total | B7: =SUM(B2:B6) -> 575
A11: Static Events | B11: Points
A12: Engineering Design | B12: 103
A13: Cost & Manufacturing | B13: 73
A14: Buisness Plan | B14: 75
A15: Total | B15: =SUM(B12:B14) -> 251
A20: Overall Total | B20: =SUM(B7,B15,E14) -> 826

Sheet E11
A1: Dynamic Events | B1: Points
A2: Skid Pad | B2: 0
A3: Acceleration | B3: 0
A4: Autocross | B4: 92.63
A5: Endurance | B5: 0
A6: Efficiency | B6: 0
A7: Total | B7: =SUM(B2:B6) -> 92.63
A11: Static Events | B11: Points
A12: Engineering Design | B12: 130
A13: Cost & Manufacturing | B13: 45
A14: Buisness Plan | B14: 70
A15: Total | B15: =SUM(B12:B14) -> 245
A20: Overall Total | B20: =SUM(B7,B15,E14) -> 337.63

Sheet E05
A1: Dynamic Events | B1: Points
A2: Skid Pad | B2: 73
A3: Acceleration | B3: 66
A4: Autocross | B4: 100
A5: Endurance | B5: 0
A6: Efficiency | B6: 0
A7: Total | B7: =SUM(B2:B6) -> 239
A11: Static Events | B11: Points
A12: Engineering Design | B12: 111
A13: Cost & Manufacturing | B13: 91
A14: Buisness Plan | B14: 59
A15: Total | B15: =SUM(B12:B14) -> 261
A20: Overall Total | B20: =SUM(B7,B15,E14) -> 500

Sheet E76
A1: Dynamic Events | B1: Points
A2: Skid Pad | B2: 66
A3: Acceleration | B3: 0
A4: Autocross | B4: 0
A5: Endurance | B5: 0
A6: Efficiency | B6: 0
A7: Total | B7: =SUM(B2:B6) -> 66
A11: Static Events | B11: Points
A12: Engineering Design | B12: 106
A13: Cost & Manufacturing | B13: 98
A14: Buisness Plan | B14: 71
A15: Total | B15: =SUM(B12:B14) -> 275
A20: Overall Total | B20: =SUM(B7,B15,E14) -> 341

Sheet E77
A1: Dynamic Events | B1: Points
A2: Skid Pad | B2: 0
A3: Acceleration | B3: 0
A4: Autocross | B4: 80.91
A5: Endurance | B5: 0
A6: Efficiency | B6: 0
A7: Total | B7: =SUM(B2:B6) -> 80.91
A11: Static Events | B11: Points
A12: Engineering Design | B12: 150
A13: Cost & Manufacturing | B13: 89
A14: Buisness Plan | B14: 72
A15: Total | B15: =SUM(B12:B14) -> 311
H18: 0
A20: Overall Total | B20: =SUM(B7,B15,E14) -> 391.91

Sheet E45
A1: Dynamic Events | B1: Points
A2: Skid Pad | B2: 0
A3: Acceleration | B3: 0
A4: Autocross | B4: 0
A5: Endurance | B5: 0
A6: Efficiency | B6: 0
A7: Total | B7: =SUM(B2:B6) -> 0
A11: Static Events | B11: Points
A12: Engineering Design | B12: 40
A13: Cost & Manufacturing | B13: 0
A14: Buisness Plan | B14: 55
A15: Total | B15: =SUM(B12:B14) -> 95
A20: Overall Total | B20: =SUM(B7,B15,E14) -> 95

Sheet C33
A1: Dynamic Events | B1: Points
A2: Skid Pad | B2: 47
A3: Acceleration | B3: 61
A4: Autocross | B4: 33.2
A5: Endurance | B5: 0
A6: Efficiency | B6: 0
A7: Total | B7: =SUM(B2:B6) -> 141.2
A11: Static Events | B11: Points
A12: Engineering Design | B12: 62
A13: Cost & Manufacturing | B13: 32
A14: Buisness Plan | B14: 70
A15: Total | B15: =SUM(B12:B14) -> 164
A20: Overall Total | B20: =SUM(B7,B15,E14) -> 305.2

Sheet C12
A1: Dynamic Events | B1: Points
A2: Skid Pad | B2: 75
A3: Acceleration | B3: 75
A4: Autocross | B4: 100
A5: Endurance | B5: 0
A6: Efficiency | B6: 0
A7: Total | B7: =SUM(B2:B6) -> 250
A11: Static Events | B11: Points
A12: Engineering Design | B12: 150
A13: Cost & Manufacturing | B13: 81
A14: Buisness Plan | B14: 73
A15: Total | B15: =SUM(B12:B14) -> 304
A20: Overall Total | B20: =SUM(B7,B15,E14) -> 554

Sheet C09
A1: Dynamic Events | B1: Points
A2: Skid Pad | B2: 0
A3: Acceleration | B3: 0
A4: Autocross | B4: 0
A5: Endurance | B5: 0
A6: Efficiency | B6: 0
A7: Total | B7: =SUM(B2:B6) -> 0
A11: Static Events | B11: Points
A12: Engineering Design | B12: 60
A13: Cost & Manufacturing | B13: 31
A14: Buisness Plan | B14: 51
A15: Total | B15: =SUM(B12:B14) -> 142
A20: Overall Total | B20: =SUM(B7,B15,E14) -> 142

Sheet C55
A1: Dynamic Events | B1: Points
A2: Skid Pad | B2: 0
A3: Acceleration | B3: 0
A4: Autocross | B4: 0
A5: Endurance | B5: 0
A6: Efficiency | B6: 0
A7: Total | B7: =SUM(B2:B6) -> 0
A11: Static Events | B11: Points
A12: Engineering Design | B12: 77
A13: Cost & Manufacturing | B13: 55
A14: Buisness Plan | B14: 71
A15: Total | B15: =SUM(B12:B14) -> 203
A20: Overall Total | B20: =SUM(B7,B15,E14) -> 203

Sheet C20
A1: Dynamic Events | B1: Points
A2: Skid Pad | B2: 0
A3: Acceleration | B3: 0
A4: Autocross | B4: 0
A5: Endurance | B5: 0
A6: Efficiency | B6: 0
A7: Total | B7: =SUM(B2:B6) -> 0
A11: Static Events | B11: Points
A12: Engineering Design | B12: 89
A13: Cost & Manufacturing | B13: 90
A14: Buisness Plan | B14: 74
A15: Total | B15: =SUM(B12:B14) -> 253
A20: Overall Total | B20: =SUM(B7,B15,E14) -> 253

Sheet Acceleration
B4: Vehicle Number | C4: Team Name | D4: Score
B5: E88 | C5: Democritus Racing Team | D5: 75
B6: E05 | C6: Poseidon Racing Team | D6: 66
B7: E11 | C7: Aristotle University Racing Team Electric and Driverless | D7: 0
B8: E76 | C8: Perseus Racing Team | D8: 0
B9: E77 | C9: Centaurus Racing Team | D9: 0
B10: E45 | C10: Electric Vehicle Racing Team Tuiasi | D10: 0
B14: Vehicle Number | C14: Team Name | D14: Score
B15: C12 | C15: Aristotle Racing Team | D15: 75
B16: C33 | C16: Frederick University Formula Racing Team | D16: 61
B17: C09 | C17: Pelops Racing Team | D17: 0
B18: C55 | C18: Kingston Racing Team | D18: 0
B19: C20 | C19: Formula Studen Technical University of Crete Team | D19: 0

Sheet Skid Pad
B4: Vehicle Number | C4: Team Name | D4: Score
B5: E88 | C5: Democritus Racing Team | D5: 75
B6: E05 | C6: Poseidon Racing Team | D6: 73
B7: E76 | C7: Perseus Racing Team | D7: 66
B8: E11 | C8: Aristotle University Racing Team Electric and Driverless | D8: 0
B9: E77 | C9: Centaurus Racing Team | D9: 0
B10: E45 | C10: Electric Vehicle Racing Team Tuiasi | D10: 0
B14: Vehicle Number | C14: Team Name | D14: Score
B15: C12 | C15: Aristotle Racing Team | D15: 75
B16: C33 | C16: Frederick University Formula Racing Team | D16: 47
B17: C09 | C17: Pelops Racing Team | D17: 0
B18: C55 | C18: Kingston Racing Team | D18: 0
B19: C20 | C19: Formula Studen Technical University of Crete Team | D19: 0

Sheet Autocross
B4: Vehicle Number | C4: Team Name | D4: Score
B5: E05 | C5: Poseidon Racing Team | D5: 100
B6: E11 | C6: Aristotle University Racing Team Electric and Driverless | D6: 92.64
B7: E77 | C7: Centaurus Racing Team | D7: 80.91
B8: E88 | C8: Democritus Racing Team | D8: 0
B9: E76 | C9: Perseus Racing Team | D9: 0
B10: E45 | C10: Electric Vehicle Racing Team Tuiasi | D10: 0
B14: Vehicle Number | C14: Team Name | D14: Score
B15: C12 | C15: Aristotle Racing Team | D15: 100
B16: C33 | C16: Frederick University Formula Racing Team | D16: 33.2
B17: C09 | C17: Pelops Racing Team | D17: 0
B18: C55 | C18: Kingston Racing Team | D18: 0
B19: C20 | C19: Formula Studen Technical University of Crete Team | D19: 0

Sheet Endurance
B4: Vehicle Number | C4: Team Name | D4: Score
B5: E88 | C5: Democritus Racing Team | D5: 325
B6: E11 | C6: Aristotle University Racing Team Electric and Driverless | D6: 0
B7: E05 | C7: Poseidon Racing Team | D7: 0
B8: E76 | C8: Perseus Racing Team | D8: 0
B9: E77 | C9: Centaurus Racing Team | D9: 0
B10: E45 | C10: Electric Vehicle Racing Team Tuiasi | D10: 0
B14: Vehicle Number | C14: Team Name | D14: Score
B15: C33 | C15: Frederick University Formula Racing Team | D15: 0
B16: C12 | C16: Aristotle Racing Team | D16: 0
B17: C09 | C17: Pelops Racing Team | D17: 0
B18: C55 | C18: Kingston Racing Team | D18: 0
B19: C20 | C19: Formula Studen Technical University of Crete Team | D19: 0

Sheet Efficiency
B4: Vehicle Number | C4: Team Name | D4: Score
B5: E88 | C5: Democritus Racing Team | D5: 100
B6: E11 | C6: Aristotle University Racing Team Electric and Driverless | D6: 0
B7: E05 | C7: Poseidon Racing Team | D7: 0
B8: E76 | C8: Perseus Racing Team | D8: 0
B9: E77 | C9: Centaurus Racing Team | D9: 0
B10: E45 | C10: Electric Vehicle Racing Team Tuiasi | D10: 0
B14: Vehicle Number | C14: Team Name | D14: Score
B15: C33 | C15: Frederick University Formula Racing Team | D15: 0
B16: C12 | C16: Aristotle Racing Team | D16: 0
B17: C09 | C17: Pelops Racing Team | D17: 0
B18: C55 | C18: Kingston Racing Team | D18: 0
B19: C20 | C19: Formula Studen Technical University of Crete Team | D19: 0

Sheet Engineering Design
B4: Vehicle Number | C4: Team Name | D4: Score
B5: E77 | C5: Centaurus Racing Team | D5: 150
B6: E11 | C6: Aristotle University Racing Team Electric and Driverless | D6: 130.4468
B7: E05 | C7: Poseidon Racing Team | D7: 110.96269
B8: E76 | C8: Perseus Racing Team | D8: 106.26439
B9: E88 | C9: Democritus Racing Team | D9: 102.94795
B10: E45 | C10: Electric Vehicle Racing Team Tuiasi | D10: 39.590051
B14: Vehicle Number | C14: Team Name | D14: Score
B15: C12 | C15: Aristotle Racing Team | D15: 150
B16: C20 | C16: Formula Studen Technical University of Crete Team | D16: 88.759506
B17: C55 | C17: Kingston Racing Team | D17: 77.495247
B18: C33 | C18: Frederick University Formula Racing Team | D18: 62.452471
B19: C09 | C19: Pelops Racing Team | D19: 60.028517

Sheet Cost & Manufacturing
B4: Vehicle Number | C4: Team Name | D4: Score
B5: E76 | C5: Perseus Racing Team | D5: 98
B6: E05 | C6: Poseidon Racing Team | D6: 91
B7: E77 | C7: Centaurus Racing Team | D7: 89
B8: E88 | C8: Democritus Racing Team | D8: 73
B9: E11 | C9: Aristotle University Racing Team Electric and Driverless | D9: 45
B10: E45 | C10: Electric Vehicle Racing Team Tuiasi | D10: 0
B14: Vehicle Number | C14: Team Name | D14: Score
B15: C20 | C15: Formula Studen Technical University of Crete Team | D15: 90
B16: C12 | C16: Aristotle Racing Team | D16: 81
B17: C55 | C17: Kingston Racing Team | D17: 55
B18: C33 | C18: Frederick University Formula Racing Team | D18: 32
B19: C09 | C19: Pelops Racing Team | D19: 31

Sheet Buisness Plan 
B4: Vehicle Number | C4: Team Name | D4: Score
B5: E88 | C5: Democritus Racing Team | D5: 75
B6: E77 | C6: Centaurus Racing Team | D6: 72
B7: E76 | C7: Perseus Racing Team | D7: 71
B8: E11 | C8: Aristotle University Racing Team Electric and Driverless | D8: 70
B9: E05 | C9: Poseidon Racing Team | D9: 59
B10: E45 | C10: Electric Vehicle Racing Team Tuiasi | D10: 55
B14: Vehicle Number | C14: Team Name | D14: Score
B15: C20 | C15: Formula Studen Technical University of Crete Team | D15: 74
B16: C12 | C16: Aristotle Racing Team | D16: 73
B17: C55 | C17: Kingston Racing Team | D17: 71
B18: C33 | C18: Frederick University Formula Racing Team | D18: 70
B19: C09 | C19: Pelops Racing Team | D19: 51
